[
    {
        "id": 1,
        "name": "Pesarattu (Green Gram Dosa)",
        "ingredients": ["green gram", "rice", "ginger", "green chili", "cumin", "salt", "oil"],
        "health_advantages": "Rich in protein and fiber, helps in digestion, gluten-free alternative to regular dosa",
        "health_disadvantages": "May cause bloating in some individuals due to fermentation",
        "steps": "1. Soak green gram and rice for 6 hours. 2. Grind with ginger and green chili to make batter. 3. Add cumin and salt. 4. Spread thinly on hot tawa and cook with oil. 5. Serve hot with chutney.",
        "image": "pesarattu.jpg"
    },
    {
        "id": 2,
        "name": "Gongura Pachadi (Sorrel Leaf Chutney)",
        "ingredients": ["gongura leaves", "red chili", "garlic", "mustard seeds", "tamarind", "salt"],
        "health_advantages": "High in iron and vitamin C, boosts immunity, aids digestion",
        "health_disadvantages": "May cause acidity in sensitive individuals",
        "steps": "1. Wash and dry gongura leaves. 2. Heat oil and temper mustard seeds. 3. Add garlic and red chili. 4. Add gongura leaves and sauté. 5. Add tamarind and salt. 6. Cool and grind to coarse paste.",
        "image": "gongura_pachadi.jpg"
    },
    {
        "id": 3,
        "name": "Punugulu (Crispy Lentil Fritters)",
        "ingredients": ["urad dal", "rice", "green chili", "coriander", "salt", "oil"],
        "health_advantages": "Good source of protein, provides energy",
        "health_disadvantages": "Deep fried, high in calories",
        "steps": "1. Soak urad dal and rice for 4 hours. 2. Grind to smooth batter. 3. Add chopped green chili and coriander. 4. Heat oil and drop small portions of batter. 5. Fry until golden brown.",
        "image": "punugulu.jpg"
    },
    {
        "id": 4,
        "name": "Pulihora (Tamarind Rice)",
        "ingredients": ["rice", "tamarind", "green chili", "mustard seeds", "turmeric", "curry leaves"],
        "health_advantages": "Antioxidant-rich, aids digestion, turmeric has anti-inflammatory properties",
        "health_disadvantages": "Can be high in sodium depending on seasoning",
        "steps": "1. Cook rice and let it cool. 2. Prepare tamarind extract. 3. Temper mustard seeds, curry leaves and green chili. 4. Mix rice with tamarind and tempering. 5. Add turmeric and salt to taste.",
        "image": "pulihora.jpg"
    },
    {
        "id": 5,
        "name": "Bobbatlu (Sweet Flatbread)",
        "ingredients": ["chana dal", "jaggery", "cardamom", "wheat flour", "ghee"],
        "health_advantages": "Provides iron from jaggery, good energy source",
        "health_disadvantages": "High in calories and sugar",
        "steps": "1. Cook chana dal until soft. 2. Mash with jaggery and cardamom. 3. Prepare wheat flour dough. 4. Stuff dal mixture and roll flat. 5. Cook on tawa with ghee.",
        "image": "bobbatlu.jpg"
    },
    {
        "id": 6,
        "name": "Bisi Bele Bath (Spiced Lentil Rice)",
        "ingredients": ["toor dal", "rice", "tamarind", "spices", "vegetables"],
        "health_advantages": "Complete protein from dal, fiber from vegetables",
        "health_disadvantages": "Can be spicy for some individuals",
        "steps": "1. Pressure cook dal and rice. 2. Prepare spice powder. 3. Cook vegetables separately. 4. Mix all with tamarind and spices. 5. Simmer for 10 minutes.",
        "image": "bisi_bele_bath.jpg"
    },
    {
        "id": 7,
        "name": "Neer Dosa (Thin Rice Pancakes)",
        "ingredients": ["rice", "coconut", "salt", "water"],
        "health_advantages": "Gluten-free, light and easy to digest",
        "health_disadvantages": "Low in protein",
        "steps": "1. Soak rice for 3 hours. 2. Grind with coconut and water. 3. Add salt. 4. Pour thin layer on hot tawa. 5. Cook without flipping.",
        "image": "neer_dosa.jpg"
    },
    {
        "id": 8,
        "name": "Chettinad Chicken Curry",
        "ingredients": ["chicken", "onion", "tomato", "spices", "curry leaves", "coconut"],
        "health_advantages": "High protein, spices have anti-inflammatory properties",
        "health_disadvantages": "High in fat from coconut",
        "steps": "1. Marinate chicken with spices. 2. Sauté onions and tomatoes. 3. Add chicken and cook. 4. Add coconut paste. 5. Simmer until tender.",
        "image": "chettinad_chicken.jpg"
    },
    {
        "id": 9,
        "name": "Sambhar (Lentil Stew)",
        "ingredients": ["toor dal", "tamarind", "vegetables", "spices", "mustard seeds"],
        "health_advantages": "Balanced nutrition from dal and vegetables",
        "health_disadvantages": "May cause bloating in some people",
        "steps": "1. Pressure cook dal. 2. Cook vegetables separately. 3. Prepare tamarind extract. 4. Temper mustard seeds and spices. 5. Combine all and simmer.",
        "image": "sambhar.jpg"
    },
    {
        "id": 10,
        "name": "Rasam (Spiced Tamarind Soup)",
        "ingredients": ["tamarind", "tomato", "black pepper", "garlic", "curry leaves"],
        "health_advantages": "Aids digestion, boosts immunity, good for colds",
        "health_disadvantages": "May be too spicy for some",
        "steps": "1. Extract tamarind juice. 2. Boil with tomatoes and spices. 3. Temper mustard seeds and curry leaves. 4. Combine and serve hot.",
        "image": "rasam.jpg"
    },
    {
        "id": 11,
        "name": "Idiyappam (String Hoppers)",
        "ingredients": ["rice flour", "water", "salt"],
        "health_advantages": "Gluten-free, low fat, easily digestible",
        "health_disadvantages": "Low in protein",
        "steps": "1. Make dough with hot water. 2. Press through idiyappam maker. 3. Steam for 5 minutes. 4. Serve with curry.",
        "image": "idiyappam.jpg"
    },
    {
        "id": 12,
        "name": "Ghee Roast Dosa",
        "ingredients": ["rice", "urad dal", "ghee", "salt"],
        "health_advantages": "Good source of carbohydrates",
        "health_disadvantages": "High in calories from ghee",
        "steps": "1. Prepare dosa batter. 2. Spread thinly on tawa. 3. Drizzle ghee. 4. Cook until crisp. 5. Serve with chutney.",
        "image": "ghee_roast.jpg"
    },
    {
        "id": 13,
        "name": "Vegetable Kurma",
        "ingredients": ["vegetables", "coconut", "spices", "cashews"],
        "health_advantages": "Rich in vitamins from vegetables",
        "health_disadvantages": "High in fat from coconut and cashews",
        "steps": "1. Cook vegetables. 2. Grind coconut and spices. 3. Combine and simmer. 4. Garnish with cashews.",
        "image": "kurma.jpg"
    },
    {
        "id": 14,
        "name": "Hyderabadi Biryani",
        "ingredients": ["basmati rice", "chicken", "spices", "yogurt", "saffron"],
        "health_advantages": "Complete meal with protein and carbs",
        "health_disadvantages": "High in calories and fat",
        "steps": "1. Marinate chicken. 2. Parboil rice. 3. Layer in handi. 4. Cook on dum. 5. Serve with raita.",
        "image": "biryani.jpg"
    },
    {
        "id": 15,
        "name": "Mysore Pak",
        "ingredients": ["gram flour", "sugar", "ghee"],
        "health_advantages": "Quick energy source",
        "health_disadvantages": "High in sugar and fat",
        "steps": "1. Melt sugar with water. 2. Add gram flour. 3. Add ghee gradually. 4. Pour in tray and cut.",
        "image": "mysore_pak.jpg"
    },
    {
        "id": 16,
        "name": "Shepherd's Pie",
        "ingredients": ["minced lamb", "potatoes", "onion", "carrots", "peas", "butter", "cheese"],
        "health_advantages": "Good source of protein and vegetables",
        "health_disadvantages": "High in calories from cheese and butter",
        "steps": "1. Cook lamb with vegetables. 2. Prepare mashed potatoes. 3. Layer in baking dish. 4. Bake until golden.",
        "image": "shepherds_pie.jpg"
    },
    {
        "id": 17,
        "name": "English Breakfast",
        "ingredients": ["eggs", "bacon", "sausage", "baked beans", "tomatoes", "mushrooms", "toast"],
        "health_advantages": "High protein breakfast",
        "health_disadvantages": "High in saturated fats",
        "steps": "1. Fry eggs, bacon and sausage. 2. Grill tomatoes and mushrooms. 3. Heat beans. 4. Toast bread. 5. Serve all together.",
        "image": "english_breakfast.jpg"
    },
    {
        "id": 18,
        "name": "Appam with Stew",
        "ingredients": ["rice", "coconut milk", "vegetables", "spices", "salt"],
        "health_advantages": "Gluten-free, light meal",
        "health_disadvantages": "Low in protein",
        "steps": "1. Ferment rice batter with coconut milk. 2. Cook appam on special pan. 3. Prepare vegetable stew. 4. Serve together.",
        "image": "appam_stew.jpg"
    },
    {
        "id": 19,
        "name": "Victoria Sponge Cake",
        "ingredients": ["flour", "eggs", "sugar", "butter", "jam", "cream"],
        "health_advantages": "Provides quick energy",
        "health_disadvantages": "High in sugar and fat",
        "steps": "1. Cream butter and sugar. 2. Add eggs and flour. 3. Bake two layers. 4. Fill with jam and cream.",
        "image": "sponge_cake.jpg"
    },
    {
        "id": 20,
        "name": "Medu Vada",
        "ingredients": ["urad dal", "ginger", "green chili", "salt", "curry leaves"],
        "health_advantages": "Good protein source",
        "health_disadvantages": "Deep fried",
        "steps": "1. Soak and grind urad dal. 2. Add spices. 3. Shape into donuts. 4. Deep fry until golden.",
        "image": "medu_vada.jpg"
    },
    {
        "id": 21,
        "name": "Yorkshire Pudding",
        "ingredients": ["flour", "milk", "eggs", "salt", "butter"],
        "health_advantages": "Good source of protein from eggs",
        "health_disadvantages": "High in calories",
        "steps": "1. Make batter with eggs and milk. 2. Heat muffin tin with fat. 3. Pour batter. 4. Bake until puffed.",
        "image": "yorkshire_pudding.jpg"
    },
    {
        "id": 22,
        "name": "Mutton Curry",
        "ingredients": ["mutton", "onions", "tomatoes", "spices", "coriander leaves"],
        "health_advantages": "High in protein and iron",
        "health_disadvantages": "High in cholesterol",
        "steps": "1. Brown mutton pieces. 2. Sauté onions and tomatoes. 3. Add spices and mutton. 4. Cook until tender.",
        "image": "mutton_curry.jpg"
    },
    {
        "id": 23,
        "name": "Gulab Jamun",
        "ingredients": ["milk powder", "sugar", "ghee", "cardamom"],
        "health_advantages": "Good source of calcium",
        "health_disadvantages": "Very high in sugar",
        "steps": "1. Make dough with milk powder. 2. Shape into balls. 3. Fry until brown. 4. Soak in sugar syrup.",
        "image": "gulab_jamun.jpg"
    },
    {
        "id": 24,
        "name": "Bangers and Mash",
        "ingredients": ["sausages", "potatoes", "gravy", "butter"],
        "health_advantages": "Comfort food, provides energy",
        "health_disadvantages": "High in fat and sodium",
        "steps": "1. Grill sausages. 2. Make mashed potatoes. 3. Prepare gravy. 4. Serve together.",
        "image": "bangers_mash.jpg"
    },
    {
        "id": 25,
        "name": "Beef Wellington",
        "ingredients": ["beef", "puff pastry", "mushrooms", "mustard", "eggs"],
        "health_advantages": "High quality protein",
        "health_disadvantages": "Very high in calories",
        "steps": "1. Sear beef. 2. Prepare mushroom duxelles. 3. Wrap in pastry. 4. Bake until golden.",
        "image": "beef_wellington.jpg"
    },
    {
        "id": 26,
        "name": "Aloo Paratha",
        "ingredients": ["wheat flour", "potatoes", "spices", "ghee"],
        "health_advantages": "Good source of carbohydrates",
        "health_disadvantages": "High in calories when fried",
        "steps": "1. Make potato stuffing. 2. Prepare dough. 3. Stuff and roll. 4. Cook on tawa with ghee.",
        "image": "aloo_paratha.jpg"
    }
]